ocd_prop_id,calaccess_prop_id,ccdc_prop_id,prop_name,ccdc_committee_id,calaccess_committee_id,committee_name,committee_position
ocd-contest/08324a50-6e16-4a9a-8f66-ea1fa4dea70d,1376258,70,PROPOSITION 051 - SCHOOL BONDS. FUNDING FOR K-12 SCHOOL AND COMMUNITY COLLEGE FACILITIES. INITIATIVE STATUTORY AMENDMENT.,382,1374469,"YES ON PROPOSITION 51 - CALIFORNIANS FOR QUALITY SCHOOLS, SPONSORED AND FUNDED BY COALITION FOR ADEQUATE SCHOOL HOUSING ISSUES COMMITTEE AND CALIFORNIA BUILDING INDUSTRY ASSOCIATION ISSUES COMMITTEE",SUPPORT
ocd-contest/08324a50-6e16-4a9a-8f66-ea1fa4dea70d,1376258,70,PROPOSITION 051 - SCHOOL BONDS. FUNDING FOR K-12 SCHOOL AND COMMUNITY COLLEGE FACILITIES. INITIATIVE STATUTORY AMENDMENT.,383,1220380,"COMMUNITY COLLEGE FACILITY COALITION ISSUES COMMITTEE, YES ON 51",SUPPORT
ocd-contest/08324a50-6e16-4a9a-8f66-ea1fa4dea70d,1376258,70,PROPOSITION 051 - SCHOOL BONDS. FUNDING FOR K-12 SCHOOL AND COMMUNITY COLLEGE FACILITIES. INITIATIVE STATUTORY AMENDMENT.,384,1282321,"TORLAKSON'S INVEST IN CALIFORNIA A BALLOT MEASURE COMMITTEE TO SUPPORT PROPOSITION 51, SUPERINTENDENT TOM",SUPPORT
ocd-contest/08324a50-6e16-4a9a-8f66-ea1fa4dea70d,1376258,70,PROPOSITION 051 - SCHOOL BONDS. FUNDING FOR K-12 SCHOOL AND COMMUNITY COLLEGE FACILITIES. INITIATIVE STATUTORY AMENDMENT.,385,1382843,CALIFORNIA TAXPAYERS AND EDUCATORS OPPOSED TO SPRAWL AND DEVELOPER ABUSE,OPPOSE
ocd-contest/2d4de540-adcb-4c2e-a58b-13f43f60fff1,1362198,71,PROPOSITION 052 - STATE FEES ON HOSPITALS. FEDERAL MEDI-CAL MATCHING FUNDS. INITIATIVE STATUTORY AND CONSTITUTIONAL AMENDMENT.,386,1362973,YES ON PROPOSITION 52 - A COALITION OF CALIFORNIA ASSOCIATION OF HOSPITALS AND HEALTH SYSTEMS AND NON-PROFIT HEALTH CARE ORGANIZATIONS,SUPPORT
ocd-contest/2d4de540-adcb-4c2e-a58b-13f43f60fff1,1362198,71,PROPOSITION 052 - STATE FEES ON HOSPITALS. FEDERAL MEDI-CAL MATCHING FUNDS. INITIATIVE STATUTORY AND CONSTITUTIONAL AMENDMENT.,387,1381488,"CALIFORNIANS FOR HOSPITAL ACCOUNTABILITY AND QUALITY CARE - NO ON 52, SPONSORED BY SERVICE EMPLOYEES INTERNATIONAL UNION - UNITED HEALTHCARE WORKERS WEST",OPPOSE
ocd-contest/2d4de540-adcb-4c2e-a58b-13f43f60fff1,1362198,71,PROPOSITION 052 - STATE FEES ON HOSPITALS. FEDERAL MEDI-CAL MATCHING FUNDS. INITIATIVE STATUTORY AND CONSTITUTIONAL AMENDMENT.,388,1373047,"SERVICE EMPLOYEES INTERNATIONAL UNION, UNITED HEALTHCARE WORKERS WEST (NONPROFIT 501 (C)(5))",OPPOSE
ocd-contest/687d67df-238e-4424-89d5-7445dcd43aee,1376142,72,PROPOSITION 053 - REVENUE BONDS. STATEWIDE VOTER APPROVAL. INITIATIVE CONSTITUTIONAL AMENDMENT.,389,1376040,YES ON 53 - STOP BLANK CHECKS,SUPPORT
ocd-contest/687d67df-238e-4424-89d5-7445dcd43aee,1376142,72,PROPOSITION 053 - REVENUE BONDS. STATEWIDE VOTER APPROVAL. INITIATIVE CONSTITUTIONAL AMENDMENT.,390,1378875,"NO ON PROP 53 - CALIFORNIANS TO PROTECT LOCAL CONTROL, A COALITION OF PUBLIC SAFETY, LOCAL GOVERNMENT, BUSINESS AND LABOR ORGANIZATIONS, GOVERNOR BROWN AND TAXPAYERS",OPPOSE
ocd-contest/687d67df-238e-4424-89d5-7445dcd43aee,1376142,72,PROPOSITION 053 - REVENUE BONDS. STATEWIDE VOTER APPROVAL. INITIATIVE CONSTITUTIONAL AMENDMENT.,391,761010,"CA BUSINESS PAC, SP0NSORED BY CA CHAMBER OF COMMERCE (AKA CALBUSPAC)",OPPOSE
ocd-contest/687d67df-238e-4424-89d5-7445dcd43aee,1376142,72,PROPOSITION 053 - REVENUE BONDS. STATEWIDE VOTER APPROVAL. INITIATIVE CONSTITUTIONAL AMENDMENT.,392,1389930,"NO ON 53, NEIGHBORS DEFENDING LOCAL CONTROL",OPPOSE
ocd-contest/ea81f6ce-4b1c-42b9-9455-9edceafe9561,1381642,73,PROPOSITION 054 - LEGISLATURE. LEGISLATION AND PROCEEDINGS. INITIATIVE CONSTITUTIONAL AMENDMENT AND STATUTE.,396,1389997,CALIFORNIA COMMON CAUSE -- YES ON 54 AND 59 (NONPROFIT 501(C)(4),SUPPORT
ocd-contest/ea81f6ce-4b1c-42b9-9455-9edceafe9561,1381642,73,PROPOSITION 054 - LEGISLATURE. LEGISLATION AND PROCEEDINGS. INITIATIVE CONSTITUTIONAL AMENDMENT AND STATUTE.,393,1381029,"YES ON 54 - VOTERS FIRST, NOT SPECIAL INTERESTS - SPONSORED BY HOLD POLITICIANS ACCOUNTABLE",SUPPORT
ocd-contest/ea81f6ce-4b1c-42b9-9455-9edceafe9561,1381642,73,PROPOSITION 054 - LEGISLATURE. LEGISLATION AND PROCEEDINGS. INITIATIVE CONSTITUTIONAL AMENDMENT AND STATUTE.,394,1386494,"PROTEUS ACTION LEAGUE NON-PROFIT 501 (C)(4) ORGANIZATION, OPPOSING MEASURE 66 AND SUPPORTING MEASURES 54 AND 59",SUPPORT
ocd-contest/ea81f6ce-4b1c-42b9-9455-9edceafe9561,1381642,73,PROPOSITION 054 - LEGISLATURE. LEGISLATION AND PROCEEDINGS. INITIATIVE CONSTITUTIONAL AMENDMENT AND STATUTE.,395,1385928,CALIFORNIANS FOR AN EFFECTIVE LEGISLATURE,OPPOSE
ocd-contest/5961b189-8414-45ba-9253-eac65069e5d7,1382647,74,PROPOSITION 055 - TAX EXTENSION TO FUND EDUCATION AND HEALTHCARE. INITIATIVE CONSTITUTIONAL AMENDMENT.,397,1384591,"MILLION VOTER PROJECT ACTION FUND - YES ON 55 AND 57, SPONSORED BY SOCIAL JUSTICE ORGANIZATIONS",SUPPORT
ocd-contest/5961b189-8414-45ba-9253-eac65069e5d7,1382647,74,PROPOSITION 055 - TAX EXTENSION TO FUND EDUCATION AND HEALTHCARE. INITIATIVE CONSTITUTIONAL AMENDMENT.,398,1381382,"YES ON 55 - CALIFORNIANS FOR BUDGET STABILITY, SPONSORED BY TEACHERS, HEALTH CARE PROVIDERS, DOCTORS AND LABOR ORGANIZATIONS",SUPPORT
ocd-contest/5961b189-8414-45ba-9253-eac65069e5d7,1382647,74,PROPOSITION 055 - TAX EXTENSION TO FUND EDUCATION AND HEALTHCARE. INITIATIVE CONSTITUTIONAL AMENDMENT.,399,1391170,"MILLION VOTER PROJECT ACTION FUND - YES ON 55, 56, 57, 58, 62, AND NO ON 66, SPONSORED BY SOCIAL JUSTICE ADVOCATES AND ORGANIZATIONS",SUPPORT
ocd-contest/5961b189-8414-45ba-9253-eac65069e5d7,1382647,74,PROPOSITION 055 - TAX EXTENSION TO FUND EDUCATION AND HEALTHCARE. INITIATIVE CONSTITUTIONAL AMENDMENT.,400,1390602,"COMMON SENSE KIDS ACTION, INC., YES ON PROPS. 55 AND 56 (NONPROFIT 501 (C) (4))",SUPPORT
ocd-contest/5961b189-8414-45ba-9253-eac65069e5d7,1382647,74,PROPOSITION 055 - TAX EXTENSION TO FUND EDUCATION AND HEALTHCARE. INITIATIVE CONSTITUTIONAL AMENDMENT.,401,1385538,"CALIFORNIA KIDS CAMPAIGN, YES ON PROPS 55 & 56, SPONSORED AND MAJOR FUNDING BY COMMON SENSE KIDS ACTION, INC.",SUPPORT
ocd-contest/5961b189-8414-45ba-9253-eac65069e5d7,1382647,74,PROPOSITION 055 - TAX EXTENSION TO FUND EDUCATION AND HEALTHCARE. INITIATIVE CONSTITUTIONAL AMENDMENT.,402,1385886,"NO ON PROPOSITION 55, CALIFORNIA'S FUTURE PAC, SPONSORED BY THE KERSTEN INSTITUTE FOR GOVERNANCE & PUBLIC POLICY",OPPOSE
ocd-contest/5961b189-8414-45ba-9253-eac65069e5d7,1382647,74,PROPOSITION 055 - TAX EXTENSION TO FUND EDUCATION AND HEALTHCARE. INITIATIVE CONSTITUTIONAL AMENDMENT.,403,1372760,"PICO CALIFORNIA - YES ON 55, 56, AND 57 (NON PROFIT 501 (C) (3))",SUPPORT
ocd-contest/5961b189-8414-45ba-9253-eac65069e5d7,1382647,74,PROPOSITION 055 - TAX EXTENSION TO FUND EDUCATION AND HEALTHCARE. INITIATIVE CONSTITUTIONAL AMENDMENT.,404,931704,"UNITED TEACHERS LOS ANGELES-POLITICAL ACTION COUNCIL OF EDUCATORS (PACE) ISSUES, A COMMITTEE FOR PROPOSITIONS 55 AND 58",SUPPORT
ocd-contest/7ae8b4a5-2c36-413d-9ca5-72ce3f1e289d,1381640,75,"PROPOSITION 056 - CIGARETTE TAX TO FUND HEALTHCARE, TOBACCO USE PREVENTION, RESEARCH, AND LAW ENFORCEMENT. INITIATIVE CONSTITUTIONAL AMENDMENT AND STATUTE.",405,1388865,"PROTECT SMALL BUSINESS AND SMOKE FREE ALTERNATIVES, NO ON 56; SPONSORED BY SMOKE-FREE ALTERNATIVES TRADE ASSOCIATION",OPPOSE
ocd-contest/7ae8b4a5-2c36-413d-9ca5-72ce3f1e289d,1381640,75,"PROPOSITION 056 - CIGARETTE TAX TO FUND HEALTHCARE, TOBACCO USE PREVENTION, RESEARCH, AND LAW ENFORCEMENT. INITIATIVE CONSTITUTIONAL AMENDMENT AND STATUTE.",406,1383858,"FIGHT CANCER - YES ON 56, SPONSORED BY AMERICAN CANCER SOCIETY, INC. AND AMERICAN CANCER SOCIETY CANCER ACTION NETWORK, INC.",SUPPORT
ocd-contest/7ae8b4a5-2c36-413d-9ca5-72ce3f1e289d,1381640,75,"PROPOSITION 056 - CIGARETTE TAX TO FUND HEALTHCARE, TOBACCO USE PREVENTION, RESEARCH, AND LAW ENFORCEMENT. INITIATIVE CONSTITUTIONAL AMENDMENT AND STATUTE.",407,1386637,"NO ON 56 - STOP THE SPECIAL INTEREST TAX GRAB. MAJOR FUNDING BY PHILIP MORRIS USA INC. AND R.J. REYNOLDS TOBACCO COMPANY, WITH A COALITION OF TAXPAYERS, EDUCATORS, HEALTHCARE PROFESSIONALS, LAW ...",OPPOSE
ocd-contest/7ae8b4a5-2c36-413d-9ca5-72ce3f1e289d,1381640,75,"PROPOSITION 056 - CIGARETTE TAX TO FUND HEALTHCARE, TOBACCO USE PREVENTION, RESEARCH, AND LAW ENFORCEMENT. INITIATIVE CONSTITUTIONAL AMENDMENT AND STATUTE.",408,1377991,"YES ON 56 - SAVES LIVES CALIFORNIA, A COALITION OF DOCTORS, DENTISTS, HEALTH PLANS, LABOR, HOSPITALS, LAW ENFORCEMENT, AND NON-PROFIT HEALTH ADVOCATE ORGANIZATIONS",SUPPORT
ocd-contest/7ae8b4a5-2c36-413d-9ca5-72ce3f1e289d,1381640,75,"PROPOSITION 056 - CIGARETTE TAX TO FUND HEALTHCARE, TOBACCO USE PREVENTION, RESEARCH, AND LAW ENFORCEMENT. INITIATIVE CONSTITUTIONAL AMENDMENT AND STATUTE.",409,1384591,"MILLION VOTER PROJECT ACTION FUND - YES ON 55 AND 57, SPONSORED BY SOCIAL JUSTICE ORGANIZATIONS",SUPPORT
ocd-contest/7ae8b4a5-2c36-413d-9ca5-72ce3f1e289d,1381640,75,"PROPOSITION 056 - CIGARETTE TAX TO FUND HEALTHCARE, TOBACCO USE PREVENTION, RESEARCH, AND LAW ENFORCEMENT. INITIATIVE CONSTITUTIONAL AMENDMENT AND STATUTE.",410,1385538,"CALIFORNIA KIDS CAMPAIGN, YES ON PROPS 55 & 56, SPONSORED AND MAJOR FUNDING BY COMMON SENSE KIDS ACTION, INC.",SUPPORT
ocd-contest/7ae8b4a5-2c36-413d-9ca5-72ce3f1e289d,1381640,75,"PROPOSITION 056 - CIGARETTE TAX TO FUND HEALTHCARE, TOBACCO USE PREVENTION, RESEARCH, AND LAW ENFORCEMENT. INITIATIVE CONSTITUTIONAL AMENDMENT AND STATUTE.",411,1372760,"PICO CALIFORNIA - YES ON 55, 56, AND 57 (NON PROFIT 501 (C) (3))",SUPPORT
ocd-contest/7ae8b4a5-2c36-413d-9ca5-72ce3f1e289d,1381640,75,"PROPOSITION 056 - CIGARETTE TAX TO FUND HEALTHCARE, TOBACCO USE PREVENTION, RESEARCH, AND LAW ENFORCEMENT. INITIATIVE CONSTITUTIONAL AMENDMENT AND STATUTE.",412,1391170,"MILLION VOTER PROJECT ACTION FUND - YES ON 55, 56, 57, 58, 62, AND NO ON 66, SPONSORED BY SOCIAL JUSTICE ADVOCATES AND ORGANIZATIONS",SUPPORT
ocd-contest/7ae8b4a5-2c36-413d-9ca5-72ce3f1e289d,1381640,75,"PROPOSITION 056 - CIGARETTE TAX TO FUND HEALTHCARE, TOBACCO USE PREVENTION, RESEARCH, AND LAW ENFORCEMENT. INITIATIVE CONSTITUTIONAL AMENDMENT AND STATUTE.",413,1389668,YES ON 56 STOP CANCER - PLANNED PARENTHOOD OF ORANGE AND SAN BERNARDINO COUNTIES' COMMUNITY ACTION FUND (NON PROFIT 501(C)(4)),SUPPORT
ocd-contest/7ae8b4a5-2c36-413d-9ca5-72ce3f1e289d,1381640,75,"PROPOSITION 056 - CIGARETTE TAX TO FUND HEALTHCARE, TOBACCO USE PREVENTION, RESEARCH, AND LAW ENFORCEMENT. INITIATIVE CONSTITUTIONAL AMENDMENT AND STATUTE.",414,1389484,"CALIFORNIA CITIZENS AGAINST SPECIAL INTERESTS AND WASTEFUL TAXES, NO ON PROP. 56",OPPOSE
ocd-contest/7ae8b4a5-2c36-413d-9ca5-72ce3f1e289d,1381640,75,"PROPOSITION 056 - CIGARETTE TAX TO FUND HEALTHCARE, TOBACCO USE PREVENTION, RESEARCH, AND LAW ENFORCEMENT. INITIATIVE CONSTITUTIONAL AMENDMENT AND STATUTE.",415,1388518,YES ON 56 STOP CANCER - PLANNED PARENTHOOD ADVOCATES MAR MONTE (NON PROFIT 501 (C)(4)),SUPPORT
ocd-contest/7ae8b4a5-2c36-413d-9ca5-72ce3f1e289d,1381640,75,"PROPOSITION 056 - CIGARETTE TAX TO FUND HEALTHCARE, TOBACCO USE PREVENTION, RESEARCH, AND LAW ENFORCEMENT. INITIATIVE CONSTITUTIONAL AMENDMENT AND STATUTE.",416,1390602,"COMMON SENSE KIDS ACTION, INC., YES ON PROPS. 55 AND 56 (NONPROFIT 501 (C) (4))",SUPPORT
ocd-contest/8c8a3fef-6fea-4031-910f-9fbd01ba1f4d,1383319,76,PROPOSITION 057 - CRIMINAL SENTENCES. JUVENILE CRIMINAL PROCEEDINGS AND SENTENCING. INITIATIVE CONSTITUTIONAL AMENDMENT AND STATUTE.,417,1385745,FUND FOR POLICY REFORM (NONPROFIT 501(C)(4)),SUPPORT
ocd-contest/8c8a3fef-6fea-4031-910f-9fbd01ba1f4d,1383319,76,PROPOSITION 057 - CRIMINAL SENTENCES. JUVENILE CRIMINAL PROCEEDINGS AND SENTENCING. INITIATIVE CONSTITUTIONAL AMENDMENT AND STATUTE.,418,1392066,FWD.US (NONPROFIT 501(C)(4)) IN SUPPORT OF PROPOSITION 57 WITH HELP FROM CITIZENS FOR PUBLIC SAFETY AND OPPORTUNITY,SUPPORT
ocd-contest/8c8a3fef-6fea-4031-910f-9fbd01ba1f4d,1383319,76,PROPOSITION 057 - CRIMINAL SENTENCES. JUVENILE CRIMINAL PROCEEDINGS AND SENTENCING. INITIATIVE CONSTITUTIONAL AMENDMENT AND STATUTE.,419,1382912,"YES ON PROP. 57, CALIFORNIANS AND GOVERNOR BROWN FOR PUBLIC SAFETY AND REHABILITATION",SUPPORT
ocd-contest/8c8a3fef-6fea-4031-910f-9fbd01ba1f4d,1383319,76,PROPOSITION 057 - CRIMINAL SENTENCES. JUVENILE CRIMINAL PROCEEDINGS AND SENTENCING. INITIATIVE CONSTITUTIONAL AMENDMENT AND STATUTE.,420,1384591,"MILLION VOTER PROJECT ACTION FUND - YES ON 55 AND 57, SPONSORED BY SOCIAL JUSTICE ORGANIZATIONS",SUPPORT
ocd-contest/8c8a3fef-6fea-4031-910f-9fbd01ba1f4d,1383319,76,PROPOSITION 057 - CRIMINAL SENTENCES. JUVENILE CRIMINAL PROCEEDINGS AND SENTENCING. INITIATIVE CONSTITUTIONAL AMENDMENT AND STATUTE.,421,1387575,CIVIC PARTICIPATION ACTION FUND - YES ON 57 (NONPROFIT 501(C)(4)),SUPPORT
ocd-contest/8c8a3fef-6fea-4031-910f-9fbd01ba1f4d,1383319,76,PROPOSITION 057 - CRIMINAL SENTENCES. JUVENILE CRIMINAL PROCEEDINGS AND SENTENCING. INITIATIVE CONSTITUTIONAL AMENDMENT AND STATUTE.,422,1386627,NO ON 57 - STOP EARLY RELEASE OF VIOLENT CRIMINALS (SERVC),OPPOSE
ocd-contest/8c8a3fef-6fea-4031-910f-9fbd01ba1f4d,1383319,76,PROPOSITION 057 - CRIMINAL SENTENCES. JUVENILE CRIMINAL PROCEEDINGS AND SENTENCING. INITIATIVE CONSTITUTIONAL AMENDMENT AND STATUTE.,423,1387648,CALIFORNIA CALLS ACTION FUND - YES ON 57 (NONPROFIT 501(C)(4)),SUPPORT
ocd-contest/8c8a3fef-6fea-4031-910f-9fbd01ba1f4d,1383319,76,PROPOSITION 057 - CRIMINAL SENTENCES. JUVENILE CRIMINAL PROCEEDINGS AND SENTENCING. INITIATIVE CONSTITUTIONAL AMENDMENT AND STATUTE.,424,1391170,"MILLION VOTER PROJECT ACTION FUND - YES ON 55, 56, 57, 58, 62, AND NO ON 66, SPONSORED BY SOCIAL JUSTICE ADVOCATES AND ORGANIZATIONS",SUPPORT
ocd-contest/8c8a3fef-6fea-4031-910f-9fbd01ba1f4d,1383319,76,PROPOSITION 057 - CRIMINAL SENTENCES. JUVENILE CRIMINAL PROCEEDINGS AND SENTENCING. INITIATIVE CONSTITUTIONAL AMENDMENT AND STATUTE.,425,1391327,OPEN PHILANTHROPY ACTION FUND YES ON 57 (NONPROFIT 501(C)(4)),SUPPORT
ocd-contest/8c8a3fef-6fea-4031-910f-9fbd01ba1f4d,1383319,76,PROPOSITION 057 - CRIMINAL SENTENCES. JUVENILE CRIMINAL PROCEEDINGS AND SENTENCING. INITIATIVE CONSTITUTIONAL AMENDMENT AND STATUTE.,426,1336580,"LOS ANGELES POLICE PROTECTIVE LEAGUE ISSUES PAC - YES ON 66, NO ON 57",OPPOSE
ocd-contest/8c8a3fef-6fea-4031-910f-9fbd01ba1f4d,1383319,76,PROPOSITION 057 - CRIMINAL SENTENCES. JUVENILE CRIMINAL PROCEEDINGS AND SENTENCING. INITIATIVE CONSTITUTIONAL AMENDMENT AND STATUTE.,427,1378703,CALIFORNIA CALLS ACTION FUND (NONPROFIT 501(C)(4)),SUPPORT
ocd-contest/8c8a3fef-6fea-4031-910f-9fbd01ba1f4d,1383319,76,PROPOSITION 057 - CRIMINAL SENTENCES. JUVENILE CRIMINAL PROCEEDINGS AND SENTENCING. INITIATIVE CONSTITUTIONAL AMENDMENT AND STATUTE.,428,1346267,CALIFORNIA STATEWIDE LAW ENFORCEMENT ASSOCIATION ISSUES COMMITTEE (NON-PROFIT 501 (C) 5): YES ON PROPOSITION 57,SUPPORT
ocd-contest/8c8a3fef-6fea-4031-910f-9fbd01ba1f4d,1383319,76,PROPOSITION 057 - CRIMINAL SENTENCES. JUVENILE CRIMINAL PROCEEDINGS AND SENTENCING. INITIATIVE CONSTITUTIONAL AMENDMENT AND STATUTE.,429,1372760,"PICO CALIFORNIA - YES ON 55, 56, AND 57 (NON PROFIT 501 (C) (3))",SUPPORT
ocd-contest/3db22e03-360e-45b0-bc57-d8d798dfb510,1382395,77,"PROPOSITION 058 - SB 1174 (CHAPTER 753, STATUTES OF 2014), LARA. ENGLISH LANGUAGE EDUCATION",430,1386477,"YES ON 58, CALIFORNIANS FOR ENGLISH PROFICIENCY SPONSORED BY TEACHERS AND SERVICE EMPLOYEES ORGANIZATIONS",SUPPORT
ocd-contest/3db22e03-360e-45b0-bc57-d8d798dfb510,1382395,77,"PROPOSITION 058 - SB 1174 (CHAPTER 753, STATUTES OF 2014), LARA. ENGLISH LANGUAGE EDUCATION",431,1374153,"LARA BALLOT MEASURE COMMITTEE; CALIFORNIANS FOR A 21ST CENTURY ECONOMY - YES ON 58, A RICARDO",SUPPORT
ocd-contest/3db22e03-360e-45b0-bc57-d8d798dfb510,1382395,77,"PROPOSITION 058 - SB 1174 (CHAPTER 753, STATUTES OF 2014), LARA. ENGLISH LANGUAGE EDUCATION",432,1391170,"MILLION VOTER PROJECT ACTION FUND - YES ON 55, 56, 57, 58, 62, AND NO ON 66, SPONSORED BY SOCIAL JUSTICE ADVOCATES AND ORGANIZATIONS",SUPPORT
ocd-contest/3db22e03-360e-45b0-bc57-d8d798dfb510,1382395,77,"PROPOSITION 058 - SB 1174 (CHAPTER 753, STATUTES OF 2014), LARA. ENGLISH LANGUAGE EDUCATION",433,931704,"UNITED TEACHERS LOS ANGELES-POLITICAL ACTION COUNCIL OF EDUCATORS (PACE) ISSUES, A COMMITTEE FOR PROPOSITIONS 55 AND 58",SUPPORT
ocd-contest/8a690633-cba0-4838-beae-8a27e058cc15,1386783,78,"PROPOSITION 059- SB 254 (CHAPTER 20, STATUTES OF 2016), ALLEN. CAMPAIGN FINANCE: VOTER INSTRUCTION",434,1387856,MAKE THEM LISTEN - YES ON 59,SUPPORT
ocd-contest/8a690633-cba0-4838-beae-8a27e058cc15,1386783,78,"PROPOSITION 059- SB 254 (CHAPTER 20, STATUTES OF 2016), ALLEN. CAMPAIGN FINANCE: VOTER INSTRUCTION",435,1381423,"YES ON 59, CALIFORNIA CLEAN MONEY ACTION FUND TO OVERTURN CITIZENS UNITED (NON PROFIT 501(C)4)",SUPPORT
ocd-contest/8a690633-cba0-4838-beae-8a27e058cc15,1386783,78,"PROPOSITION 059- SB 254 (CHAPTER 20, STATUTES OF 2016), ALLEN. CAMPAIGN FINANCE: VOTER INSTRUCTION",436,1386494,"PROTEUS ACTION LEAGUE NON-PROFIT 501 (C)(4) ORGANIZATION, OPPOSING MEASURE 66 AND SUPPORTING MEASURES 54 AND 59",SUPPORT
ocd-contest/8a690633-cba0-4838-beae-8a27e058cc15,1386783,78,"PROPOSITION 059- SB 254 (CHAPTER 20, STATUTES OF 2016), ALLEN. CAMPAIGN FINANCE: VOTER INSTRUCTION",437,1360075,CALIFORNIA MOVE TO AMEND,SUPPORT
ocd-contest/8a690633-cba0-4838-beae-8a27e058cc15,1386783,78,"PROPOSITION 059- SB 254 (CHAPTER 20, STATUTES OF 2016), ALLEN. CAMPAIGN FINANCE: VOTER INSTRUCTION",438,1389997,CALIFORNIA COMMON CAUSE -- YES ON 54 AND 59 (NONPROFIT 501(C)(4),SUPPORT
ocd-contest/8a690633-cba0-4838-beae-8a27e058cc15,1386783,78,"PROPOSITION 059- SB 254 (CHAPTER 20, STATUTES OF 2016), ALLEN. CAMPAIGN FINANCE: VOTER INSTRUCTION",439,1386909,"OVERTURN CITIZENS UNITED, YES ON 59",SUPPORT
ocd-contest/1df18bd0-02a0-4d5e-96bd-6c80ff64d6f9,1376195,79,PROPOSITION 060- ADULT FILMS. CONDOMS. HEALTH REQUIREMENTS. INITIATIVE STATUTE.,440,1356566,"YES ON PROP 60, FOR ADULT INDUSTRY RESPONSIBILITY (FAIR) COMMITTEE, WITH MAJOR FUNDING BY AIDS HEALTHCARE FOUNDATION",SUPPORT
ocd-contest/1df18bd0-02a0-4d5e-96bd-6c80ff64d6f9,1376195,79,PROPOSITION 060- ADULT FILMS. CONDOMS. HEALTH REQUIREMENTS. INITIATIVE STATUTE.,441,1385139,"NO ON PROPOSITION 60, CALIFORNIANS AGAINST WORKER HARASSMENT, SPONSORED BY THE FREE SPEECH COALITION",OPPOSE
ocd-contest/5e7acbdb-1965-414e-b18a-7f348635344e,1377343,80,PROPOSITION 061- STATE PRESCRIPTION DRUG PURCHASES. PRICING STANDARDS. INITIATIVE STATUTE.,442,1379198,"NO ON PROP 61 - CALIFORNIANS AGAINST THE DECEPTIVE RX PROPOSITION, A COALITION OF VETERANS DOCTORS PATIENT ADVOCATES SENIORS TAXPAYERS AND MEMBERS OF PHARMACEUTICAL RESEARCH AND MANUFACTURERS OF AMER.",OPPOSE
ocd-contest/5e7acbdb-1965-414e-b18a-7f348635344e,1377343,80,PROPOSITION 061- STATE PRESCRIPTION DRUG PURCHASES. PRICING STANDARDS. INITIATIVE STATUTE.,443,1376791,"YES ON PROP 61, CALIFORNIANS FOR LOWER DRUG PRICES, WITH MAJOR FUNDING BY AIDS HEALTHCARE FOUNDATION AND CALIFORNIA NURSES ASSOCIATION PAC",SUPPORT
ocd-contest/5e7acbdb-1965-414e-b18a-7f348635344e,1377343,80,PROPOSITION 061- STATE PRESCRIPTION DRUG PURCHASES. PRICING STANDARDS. INITIATIVE STATUTE.,444,1387641,"CONSUMER WATCHDOG CAMPAIGN - YES ON 61, MAJOR FUNDING BY YES ON PROP 61, CALIFORNIANS FOR LOWER DRUG PRICES, WITH MAJOR FUNDING BY AIDS HEALTHCARE FOUNDATION AND CALIFORNIA NURSES ASSOCIATION PAC",SUPPORT
ocd-contest/c79212ca-2a51-459c-8ef1-2bc29c46bf39,1381268,81,PROPOSITION 062- DEATH PENALTY. INITIATIVE STATUTE.,445,1380590,"YES ON 62, NO ON 66. REPLACE THE COSTLY, FAILED DEATH PENALTY SYSTEM. SPONSORED BY TAXPAYERS FOR SENTENCING REFORM",SUPPORT
ocd-contest/c79212ca-2a51-459c-8ef1-2bc29c46bf39,1381268,81,PROPOSITION 062- DEATH PENALTY. INITIATIVE STATUTE.,446,1302403,"CALIFORNIA CORRECTIONAL PEACE OFFICERS ASSOCIATION TRUTH IN AMERICAN GOVERNMENT FUND; NO ON PROPOSITION 62, YES ON PROPOSITION 66 (NON-PROFIT 501 (C) 5)",OPPOSE
ocd-contest/c79212ca-2a51-459c-8ef1-2bc29c46bf39,1381268,81,PROPOSITION 062- DEATH PENALTY. INITIATIVE STATUTE.,447,1346266,"CALIFORNIANS TO MEND, NOT END, THE DEATH PENALTY. NO ON PROP 62, YES ON PROP 66. SUPPORTED BY PROSECUTORS, LAW ENFORCEMENT, AND FAMILIES OF VICTIMS.",OPPOSE
ocd-contest/c79212ca-2a51-459c-8ef1-2bc29c46bf39,1381268,81,PROPOSITION 062- DEATH PENALTY. INITIATIVE STATUTE.,448,1391170,"MILLION VOTER PROJECT ACTION FUND - YES ON 55, 56, 57, 58, 62, AND NO ON 66, SPONSORED BY SOCIAL JUSTICE ADVOCATES AND ORGANIZATIONS",SUPPORT
ocd-contest/c79212ca-2a51-459c-8ef1-2bc29c46bf39,1381268,81,PROPOSITION 062- DEATH PENALTY. INITIATIVE STATUTE.,449,1385745,FUND FOR POLICY REFORM (NONPROFIT 501(C)(4)),SUPPORT
ocd-contest/c79212ca-2a51-459c-8ef1-2bc29c46bf39,1381268,81,PROPOSITION 062- DEATH PENALTY. INITIATIVE STATUTE.,450,1317554,"SAN FRANCISCO POLICE OFFICERS ASSOCIATION ISSUES PAC - YES ON 66, NO ON 62",OPPOSE
ocd-contest/c79212ca-2a51-459c-8ef1-2bc29c46bf39,1381268,81,PROPOSITION 062- DEATH PENALTY. INITIATIVE STATUTE.,451,1390529,VOLUNTEERS FOR YES ON 62,SUPPORT
ocd-contest/6516fe7d-c7fb-4315-8f1d-31027eff464f,1381803,82,PROPOSITION 063- FIREARMS. AMMUNITION SALES. INTIATIVE STATUTE.,452,1382067,"COALITION FOR CIVIL LIBERTIES - NO ON 63, A PROJECT OF CALIFORNIA RIFLE & PISTOL ASSOCIATION",OPPOSE
ocd-contest/6516fe7d-c7fb-4315-8f1d-31027eff464f,1381803,82,PROPOSITION 063- FIREARMS. AMMUNITION SALES. INTIATIVE STATUTE.,453,1380746,"STOP PROP 63, A GRASSROOTS, COMMON-SENSE EFFORT FOR RATIONAL POLICY SPONSORED BY FIREARMS POLICY COALITION",OPPOSE
ocd-contest/6516fe7d-c7fb-4315-8f1d-31027eff464f,1381803,82,PROPOSITION 063- FIREARMS. AMMUNITION SALES. INTIATIVE STATUTE.,454,1380675,"NEWSOM BALLOT MEASURE COMMITTEE; SAFETY FOR ALL, YES ON PROP. 63,",SUPPORT
ocd-contest/6516fe7d-c7fb-4315-8f1d-31027eff464f,1381803,82,PROPOSITION 063- FIREARMS. AMMUNITION SALES. INTIATIVE STATUTE.,455,1387279,"VETO GUNMAGEDDON, CITIZENS WHO ARE OPPOSED TO PROPOSITION 63, ASSEMBLY BILLS 1135, 1511, 1695, 857 AND SENATE BILLS 880, 1235 AND 1446",OPPOSE
ocd-contest/2a015401-92bc-47f6-bcf9-100ef333b05e,1381868,83,PROPOSITION 064- MARIJUANA LEGALIZATION. INITIATIVE STATUTE.,456,1381808,"YES ON 64, CALIFORNIANS TO CONTROL, REGULATE AND TAX ADULT USE OF MARIJUANA WHILE PROTECTING CHILDREN, SPONSORED BY BUSINESS, PHYSICIANS, ENVIRONMENTAL AND SOCIAL-JUSTICE ADVOCATE ORGANIZATIONS",SUPPORT
ocd-contest/2a015401-92bc-47f6-bcf9-100ef333b05e,1381868,83,PROPOSITION 064- MARIJUANA LEGALIZATION. INITIATIVE STATUTE.,457,1382525,NEW APPROACH PAC (MPO),SUPPORT
ocd-contest/2a015401-92bc-47f6-bcf9-100ef333b05e,1381868,83,PROPOSITION 064- MARIJUANA LEGALIZATION. INITIATIVE STATUTE.,458,1376077,"CALIFORNIANS FOR SENSIBLE REFORM, SPONSORED BY GHOST MANAGEMENT GROUP, LLC DBA WEEDMAPS",SUPPORT
ocd-contest/2a015401-92bc-47f6-bcf9-100ef333b05e,1381868,83,PROPOSITION 064- MARIJUANA LEGALIZATION. INITIATIVE STATUTE.,459,1382568,"PUBLIC AND MENTAL HEALTH ADVOCATES AGAINST 64, SPONSORED AND MAJOR FUNDING BY SAM ACTION, INC. AND CALIFORNIA PUBLIC SAFETY INSTITUTE",OPPOSE
ocd-contest/2a015401-92bc-47f6-bcf9-100ef333b05e,1381868,83,PROPOSITION 064- MARIJUANA LEGALIZATION. INITIATIVE STATUTE.,460,1371855,"MARIJUANA POLICY PROJECT OF CALIFORNIA, YES ON 64",SUPPORT
ocd-contest/2a015401-92bc-47f6-bcf9-100ef333b05e,1381868,83,PROPOSITION 064- MARIJUANA LEGALIZATION. INITIATIVE STATUTE.,461,1343793,"CALIFORNIANS FOR RESPONSIBLE MARIJUANA REFORM, SPONSORED BY DRUG POLICY ACTION, YES ON PROP. 64",SUPPORT
ocd-contest/2a015401-92bc-47f6-bcf9-100ef333b05e,1381868,83,PROPOSITION 064- MARIJUANA LEGALIZATION. INITIATIVE STATUTE.,462,1386560,ADULT USE CAMPAIGN FOR PROPOSITION 64; THE,SUPPORT
ocd-contest/2a015401-92bc-47f6-bcf9-100ef333b05e,1381868,83,PROPOSITION 064- MARIJUANA LEGALIZATION. INITIATIVE STATUTE.,463,1387789,"SAM ACTION, INC., A COMMITTEE AGAINST PROPOSITION 64 WITH HELP FROM CITIZENS (NONPROFIT 501 (C)(4))",OPPOSE
ocd-contest/2a015401-92bc-47f6-bcf9-100ef333b05e,1381868,83,PROPOSITION 064- MARIJUANA LEGALIZATION. INITIATIVE STATUTE.,464,1385506,"DRUG POLICY ACTION - NON PROFIT 501C4, YES ON PROP. 64",SUPPORT
ocd-contest/2a015401-92bc-47f6-bcf9-100ef333b05e,1381868,83,PROPOSITION 064- MARIJUANA LEGALIZATION. INITIATIVE STATUTE.,465,1385745,FUND FOR POLICY REFORM (NONPROFIT 501(C)(4)),SUPPORT
ocd-contest/2a015401-92bc-47f6-bcf9-100ef333b05e,1381868,83,PROPOSITION 064- MARIJUANA LEGALIZATION. INITIATIVE STATUTE.,466,1390962,MOMS STRONG AGAINST PROP 64,OPPOSE
ocd-contest/9da3389c-cb25-4a94-a659-f1a09f3a9de6,1381520,84,PROPOSITION 065- CARRY-OUT BAGS. CHARGES. INITIATIVE STATUTE.,467,1372902,"AMERICAN PROGRESSIVE BAG ALLIANCE, A PROJECT OF THE SOCIETY OF THE PLASTICS INDUSTRY (NON-PROFIT 501 (C) (6)), YES ON 65 AND NO ON 67",SUPPORT
ocd-contest/60ef9a20-9963-45f1-a170-e9e5b35a3295,1381724,85,PROPOSITION 066- DEATH PENALTY. PROCEDURES. INITIATIVE STATUTE.,468,1346266,"CALIFORNIANS TO MEND, NOT END, THE DEATH PENALTY. NO ON PROP 62, YES ON PROP 66. SUPPORTED BY PROSECUTORS, LAW ENFORCEMENT, AND FAMILIES OF VICTIMS.",SUPPORT
ocd-contest/60ef9a20-9963-45f1-a170-e9e5b35a3295,1381724,85,PROPOSITION 066- DEATH PENALTY. PROCEDURES. INITIATIVE STATUTE.,469,1302403,"CALIFORNIA CORRECTIONAL PEACE OFFICERS ASSOCIATION TRUTH IN AMERICAN GOVERNMENT FUND; NO ON PROPOSITION 62, YES ON PROPOSITION 66 (NON-PROFIT 501 (C) 5)",SUPPORT
ocd-contest/60ef9a20-9963-45f1-a170-e9e5b35a3295,1381724,85,PROPOSITION 066- DEATH PENALTY. PROCEDURES. INITIATIVE STATUTE.,470,1385745,FUND FOR POLICY REFORM (NONPROFIT 501(C)(4)),OPPOSE
ocd-contest/60ef9a20-9963-45f1-a170-e9e5b35a3295,1381724,85,PROPOSITION 066- DEATH PENALTY. PROCEDURES. INITIATIVE STATUTE.,471,1386494,"PROTEUS ACTION LEAGUE NON-PROFIT 501 (C)(4) ORGANIZATION, OPPOSING MEASURE 66 AND SUPPORTING MEASURES 54 AND 59",OPPOSE
ocd-contest/60ef9a20-9963-45f1-a170-e9e5b35a3295,1381724,85,PROPOSITION 066- DEATH PENALTY. PROCEDURES. INITIATIVE STATUTE.,472,1380590,"YES ON 62, NO ON 66. REPLACE THE COSTLY, FAILED DEATH PENALTY SYSTEM. SPONSORED BY TAXPAYERS FOR SENTENCING REFORM",OPPOSE
ocd-contest/60ef9a20-9963-45f1-a170-e9e5b35a3295,1381724,85,PROPOSITION 066- DEATH PENALTY. PROCEDURES. INITIATIVE STATUTE.,473,1391170,"MILLION VOTER PROJECT ACTION FUND - YES ON 55, 56, 57, 58, 62, AND NO ON 66, SPONSORED BY SOCIAL JUSTICE ADVOCATES AND ORGANIZATIONS",OPPOSE
ocd-contest/60ef9a20-9963-45f1-a170-e9e5b35a3295,1381724,85,PROPOSITION 066- DEATH PENALTY. PROCEDURES. INITIATIVE STATUTE.,474,1317554,"SAN FRANCISCO POLICE OFFICERS ASSOCIATION ISSUES PAC - YES ON 66, NO ON 62",SUPPORT
ocd-contest/60ef9a20-9963-45f1-a170-e9e5b35a3295,1381724,85,PROPOSITION 066- DEATH PENALTY. PROCEDURES. INITIATIVE STATUTE.,475,1336580,"LOS ANGELES POLICE PROTECTIVE LEAGUE ISSUES PAC - YES ON 66, NO ON 57",SUPPORT
ocd-contest/60ef9a20-9963-45f1-a170-e9e5b35a3295,1381724,85,PROPOSITION 066- DEATH PENALTY. PROCEDURES. INITIATIVE STATUTE.,476,1383946,"NO ON PROP 66, CALIFORNIANS FOR FAIR JUSTICE, SPONSORED BY SOCIAL JUSTICE ORGANIZATIONS",OPPOSE
ocd-contest/50193a28-c6b0-4105-b1b6-a82ee0805402,1372638,86,PROPOSITION 067- REFERENDUM TO OVERTURN BAN ON SINGLE-USE PLASTIC BAGS.,477,1372900,"YES ON 67 - PROTECT THE PLASTIC BAG BAN, SPONSORED BY ENVIRONMENTAL AND OCEAN PROTECTION ORGANIZATIONS, BUSINESSES INCLUDING GROCERS AND REUSABLE BAG MAKERS, AND OTHER NONPROFIT ORGANIZATIONS",SUPPORT
ocd-contest/50193a28-c6b0-4105-b1b6-a82ee0805402,1372638,86,PROPOSITION 067- REFERENDUM TO OVERTURN BAN ON SINGLE-USE PLASTIC BAGS.,478,1372902,"AMERICAN PROGRESSIVE BAG ALLIANCE, A PROJECT OF THE SOCIETY OF THE PLASTICS INDUSTRY (NON-PROFIT 501 (C) (6)), YES ON 65 AND NO ON 67",OPPOSE
ocd-contest/50193a28-c6b0-4105-b1b6-a82ee0805402,1372638,86,PROPOSITION 067- REFERENDUM TO OVERTURN BAN ON SINGLE-USE PLASTIC BAGS.,479,1329332,"SAVE THE BAG BAN, YES ON 67, SPONSORED BY ENVIRONMENT CALIFORNIA",SUPPORT
ocd-contest/50193a28-c6b0-4105-b1b6-a82ee0805402,1372638,86,PROPOSITION 067- REFERENDUM TO OVERTURN BAN ON SINGLE-USE PLASTIC BAGS.,480,1374885,YES ON 67 - CALIFORNIANS AGAINST WASTE - PROTECT THE PLASTIC BAN (NON-PROFIT 501 (C) (4)),SUPPORT
ocd-contest/50193a28-c6b0-4105-b1b6-a82ee0805402,1372638,86,PROPOSITION 067- REFERENDUM TO OVERTURN BAN ON SINGLE-USE PLASTIC BAGS.,481,1346973,CALIFORNIA GROCERS ASSOCIATION ISSUES COMMITTEE (NON-PROFIT 501(C) 6): YES ON PROPOSITION 67,SUPPORT
ocd-contest/50193a28-c6b0-4105-b1b6-a82ee0805402,1372638,86,PROPOSITION 067- REFERENDUM TO OVERTURN BAN ON SINGLE-USE PLASTIC BAGS.,482,1381938,SAVE THE BAY ACTION FUND PAC - YES ON PROP 67,SUPPORT
ocd-contest/50193a28-c6b0-4105-b1b6-a82ee0805402,1372638,86,PROPOSITION 067- REFERENDUM TO OVERTURN BAN ON SINGLE-USE PLASTIC BAGS.,483,1389817,SAVE THE BAY ACTION FUND COMMITTEE TO SUPPORT PROPOSITION 67,SUPPORT
